,Description,Time,Overall CoP Displacement
0,"Eyes closed, VR environment off, Mozart's Jupiter with loudness shifted at 0.1Hz",0.0,0.04333132510652787
1,"Eyes closed, VR environment off, Mozart's Jupiter with loudness shifted at 0.1Hz",1.0,0.043845738658593134
2,"Eyes closed, VR environment off, Mozart's Jupiter with loudness shifted at 0.1Hz",2.0,0.044042964585750306
3,"Eyes closed, VR environment off, Mozart's Jupiter with loudness shifted at 0.1Hz",3.0,0.04306103413957111
4,"Eyes closed, VR environment off, Mozart's Jupiter with loudness shifted at 0.1Hz",4.0,0.043232919549940484
5,"Eyes closed, VR environment off, Mozart's Jupiter with loudness shifted at 0.1Hz",5.0,0.043805158203943394
6,"Eyes closed, VR environment off, Mozart's Jupiter with loudness shifted at 0.1Hz",6.0,0.04384663069521379
7,"Eyes closed, VR environment off, Mozart's Jupiter with loudness shifted at 0.1Hz",7.0,0.044586565367228034
8,"Eyes closed, VR environment off, Mozart's Jupiter with loudness shifted at 0.1Hz",8.0,0.04523371813917868
9,"Eyes closed, VR environment off, Mozart's Jupiter with loudness shifted at 0.1Hz",9.0,0.047670126801246174
10,"Eyes closed, VR environment off, Mozart's Jupiter with loudness shifted at 0.1Hz",10.0,0.0468152505447536
11,"Eyes closed, VR environment off, Mozart's Jupiter with loudness shifted at 0.1Hz",11.0,0.04656008696984928
12,"Eyes closed, VR environment off, Mozart's Jupiter with loudness shifted at 0.1Hz",12.0,0.04611797312263821
13,"Eyes closed, VR environment off, Mozart's Jupiter with loudness shifted at 0.1Hz",13.0,0.045044432737425324
14,"Eyes closed, VR environment off, Mozart's Jupiter with loudness shifted at 0.1Hz",14.0,0.04606501945885093
15,"Eyes closed, VR environment off, Mozart's Jupiter with loudness shifted at 0.1Hz",15.0,0.0449802640025341
16,"Eyes closed, VR environment off, Mozart's Jupiter with loudness shifted at 0.1Hz",16.0,0.044709918365815615
17,"Eyes closed, VR environment off, Mozart's Jupiter with loudness shifted at 0.1Hz",17.0,0.0452394699750996
18,"Eyes closed, VR environment off, Mozart's Jupiter with loudness shifted at 0.1Hz",18.0,0.04537700279166542
19,"Eyes closed, VR environment off, Mozart's Jupiter with loudness shifted at 0.1Hz",19.0,0.04602226745718167
20,"Eyes closed, VR environment off, Mozart's Jupiter with loudness shifted at 0.1Hz",20.0,0.04511699890483149
21,"Eyes closed, VR environment off, Mozart's Jupiter with loudness shifted at 0.1Hz",21.0,0.04500586621181123
22,"Eyes closed, VR environment off, Mozart's Jupiter with loudness shifted at 0.1Hz",22.0,0.04363620644273486
23,"Eyes closed, VR environment off, Mozart's Jupiter with loudness shifted at 0.1Hz",23.0,0.04527265112474073
24,"Eyes closed, VR environment off, Mozart's Jupiter with loudness shifted at 0.1Hz",24.0,0.04465085922742663
25,"Eyes closed, VR environment off, Mozart's Jupiter with loudness shifted at 0.1Hz",25.0,0.04702922840157285
26,"Eyes closed, VR environment off, Mozart's Jupiter with loudness shifted at 0.1Hz",26.0,0.043772803803990123
27,"Eyes closed, VR environment off, Mozart's Jupiter with loudness shifted at 0.1Hz",27.0,0.044370863187787456
28,"Eyes closed, VR environment off, Mozart's Jupiter with loudness shifted at 0.1Hz",28.0,0.044607164011099834
29,"Eyes closed, VR environment off, Mozart's Jupiter with loudness shifted at 0.1Hz",29.0,0.04396519509918529
30,"Eyes closed, VR environment off, Mozart's Jupiter with loudness shifted at 0.1Hz",30.0,0.042835877259258894
31,"Eyes closed, VR environment off, Mozart's Jupiter with loudness shifted at 0.1Hz",31.0,0.04296295044274123
32,"Eyes closed, VR environment off, Mozart's Jupiter with loudness shifted at 0.1Hz",32.0,0.04297908944908402
33,"Eyes closed, VR environment off, Mozart's Jupiter with loudness shifted at 0.1Hz",33.0,0.04389733069143796
34,"Eyes closed, VR environment off, Mozart's Jupiter with loudness shifted at 0.1Hz",34.0,0.04558167608148054
35,"Eyes closed, VR environment off, Mozart's Jupiter with loudness shifted at 0.1Hz",35.0,0.04396756758892968
36,"Eyes closed, VR environment off, Mozart's Jupiter with loudness shifted at 0.1Hz",36.0,0.04459475847164102
37,"Eyes closed, VR environment off, Mozart's Jupiter with loudness shifted at 0.1Hz",37.0,0.04356869742714247
38,"Eyes closed, VR environment off, Mozart's Jupiter with loudness shifted at 0.1Hz",38.0,0.04299694927679365
39,"Eyes closed, VR environment off, Mozart's Jupiter with loudness shifted at 0.1Hz",39.0,0.045872040448068474
40,"Eyes closed, VR environment off, Mozart's Jupiter with loudness shifted at 0.1Hz",40.0,0.04430538028988331
41,"Eyes closed, VR environment off, Mozart's Jupiter with loudness shifted at 0.1Hz",41.0,0.042870139960281946
42,"Eyes closed, VR environment off, Mozart's Jupiter with loudness shifted at 0.1Hz",42.0,0.044093468609814813
43,"Eyes closed, VR environment off, Mozart's Jupiter with loudness shifted at 0.1Hz",43.0,0.04509303157662383
44,"Eyes closed, VR environment off, Mozart's Jupiter with loudness shifted at 0.1Hz",44.0,0.04435048100027594
45,"Eyes closed, VR environment off, Mozart's Jupiter with loudness shifted at 0.1Hz",45.0,0.04429821206678835
46,"Eyes closed, VR environment off, Mozart's Jupiter with loudness shifted at 0.1Hz",46.0,0.04356645722545404
47,"Eyes closed, VR environment off, Mozart's Jupiter with loudness shifted at 0.1Hz",47.0,0.043782375135076
48,"Eyes closed, VR environment off, Mozart's Jupiter with loudness shifted at 0.1Hz",48.0,0.04361880488472552
49,"Eyes closed, VR environment off, Mozart's Jupiter with loudness shifted at 0.1Hz",49.0,0.04285313974256122
50,"Eyes closed, VR environment off, Mozart's Jupiter with loudness shifted at 0.1Hz",50.0,0.04326318782857342
51,"Eyes closed, VR environment off, Mozart's Jupiter with loudness shifted at 0.1Hz",51.0,0.04381252454405012
52,"Eyes closed, VR environment off, Mozart's Jupiter with loudness shifted at 0.1Hz",52.0,0.0434654597052031
53,"Eyes closed, VR environment off, Mozart's Jupiter with loudness shifted at 0.1Hz",53.0,0.04365094007501992
54,"Eyes closed, VR environment off, Mozart's Jupiter with loudness shifted at 0.1Hz",54.0,0.043375624902351494
55,"Eyes closed, VR environment off, Mozart's Jupiter with loudness shifted at 0.1Hz",55.0,0.042051066108373315
56,"Eyes closed, VR environment off, Mozart's Jupiter with loudness shifted at 0.1Hz",56.0,0.04523550928993124
57,"Eyes closed, VR environment off, Mozart's Jupiter with loudness shifted at 0.1Hz",57.0,0.04230652861266253
58,"Eyes closed, VR environment off, Mozart's Jupiter with loudness shifted at 0.1Hz",58.0,0.04201242375877795
59,"Eyes closed, VR environment off, Mozart's Jupiter with loudness shifted at 0.1Hz",59.0,0.043083038044171074
60,"Eyes closed, VR environment off, Mozart's Jupiter with loudness shifted at 0.25Hz",0.0,0.04513773067829625
61,"Eyes closed, VR environment off, Mozart's Jupiter with loudness shifted at 0.25Hz",1.0,0.04346763941586734
62,"Eyes closed, VR environment off, Mozart's Jupiter with loudness shifted at 0.25Hz",2.0,0.04531109322237208
63,"Eyes closed, VR environment off, Mozart's Jupiter with loudness shifted at 0.25Hz",3.0,0.045711135742348995
64,"Eyes closed, VR environment off, Mozart's Jupiter with loudness shifted at 0.25Hz",4.0,0.04515297702473574
65,"Eyes closed, VR environment off, Mozart's Jupiter with loudness shifted at 0.25Hz",5.0,0.045035653331423744
66,"Eyes closed, VR environment off, Mozart's Jupiter with loudness shifted at 0.25Hz",6.0,0.04656539026219658
67,"Eyes closed, VR environment off, Mozart's Jupiter with loudness shifted at 0.25Hz",7.0,0.04514129844088859
68,"Eyes closed, VR environment off, Mozart's Jupiter with loudness shifted at 0.25Hz",8.0,0.04668640841330489
69,"Eyes closed, VR environment off, Mozart's Jupiter with loudness shifted at 0.25Hz",9.0,0.04553100010010526
70,"Eyes closed, VR environment off, Mozart's Jupiter with loudness shifted at 0.25Hz",10.0,0.045506755016921176
71,"Eyes closed, VR environment off, Mozart's Jupiter with loudness shifted at 0.25Hz",11.0,0.0470056523246715
72,"Eyes closed, VR environment off, Mozart's Jupiter with loudness shifted at 0.25Hz",12.0,0.04811771923044439
73,"Eyes closed, VR environment off, Mozart's Jupiter with loudness shifted at 0.25Hz",13.0,0.04676014867202379
74,"Eyes closed, VR environment off, Mozart's Jupiter with loudness shifted at 0.25Hz",14.0,0.04643865374554002
75,"Eyes closed, VR environment off, Mozart's Jupiter with loudness shifted at 0.25Hz",15.0,0.04590911378513844
76,"Eyes closed, VR environment off, Mozart's Jupiter with loudness shifted at 0.25Hz",16.0,0.044892200239569205
77,"Eyes closed, VR environment off, Mozart's Jupiter with loudness shifted at 0.25Hz",17.0,0.045128940516620204
78,"Eyes closed, VR environment off, Mozart's Jupiter with loudness shifted at 0.25Hz",18.0,0.04523135065223759
79,"Eyes closed, VR environment off, Mozart's Jupiter with loudness shifted at 0.25Hz",19.0,0.04488481967563832
80,"Eyes closed, VR environment off, Mozart's Jupiter with loudness shifted at 0.25Hz",20.0,0.045181291830325536
81,"Eyes closed, VR environment off, Mozart's Jupiter with loudness shifted at 0.25Hz",21.0,0.04484309430421198
82,"Eyes closed, VR environment off, Mozart's Jupiter with loudness shifted at 0.25Hz",22.0,0.04390310281967056
83,"Eyes closed, VR environment off, Mozart's Jupiter with loudness shifted at 0.25Hz",23.0,0.043806287854125735
84,"Eyes closed, VR environment off, Mozart's Jupiter with loudness shifted at 0.25Hz",24.0,0.04433437664899087
85,"Eyes closed, VR environment off, Mozart's Jupiter with loudness shifted at 0.25Hz",25.0,0.044182237047279374
86,"Eyes closed, VR environment off, Mozart's Jupiter with loudness shifted at 0.25Hz",26.0,0.04433953329884562
87,"Eyes closed, VR environment off, Mozart's Jupiter with loudness shifted at 0.25Hz",27.0,0.04404256647095324
88,"Eyes closed, VR environment off, Mozart's Jupiter with loudness shifted at 0.25Hz",28.0,0.04515941477405289
89,"Eyes closed, VR environment off, Mozart's Jupiter with loudness shifted at 0.25Hz",29.0,0.04502723681690635
90,"Eyes closed, VR environment off, Mozart's Jupiter with loudness shifted at 0.25Hz",30.0,0.042790009024332595
91,"Eyes closed, VR environment off, Mozart's Jupiter with loudness shifted at 0.25Hz",31.0,0.04287893118959884
92,"Eyes closed, VR environment off, Mozart's Jupiter with loudness shifted at 0.25Hz",32.0,0.045048053879943116
93,"Eyes closed, VR environment off, Mozart's Jupiter with loudness shifted at 0.25Hz",33.0,0.046102250188059565
94,"Eyes closed, VR environment off, Mozart's Jupiter with loudness shifted at 0.25Hz",34.0,0.04571387368778606
95,"Eyes closed, VR environment off, Mozart's Jupiter with loudness shifted at 0.25Hz",35.0,0.04451338298885364
96,"Eyes closed, VR environment off, Mozart's Jupiter with loudness shifted at 0.25Hz",36.0,0.04462235194074985
97,"Eyes closed, VR environment off, Mozart's Jupiter with loudness shifted at 0.25Hz",37.0,0.04557211332194789
98,"Eyes closed, VR environment off, Mozart's Jupiter with loudness shifted at 0.25Hz",38.0,0.046185767426628443
99,"Eyes closed, VR environment off, Mozart's Jupiter with loudness shifted at 0.25Hz",39.0,0.047995594177356535
100,"Eyes closed, VR environment off, Mozart's Jupiter with loudness shifted at 0.25Hz",40.0,0.04668011548401751
101,"Eyes closed, VR environment off, Mozart's Jupiter with loudness shifted at 0.25Hz",41.0,0.047098616787715986
102,"Eyes closed, VR environment off, Mozart's Jupiter with loudness shifted at 0.25Hz",42.0,0.04747930933178648
103,"Eyes closed, VR environment off, Mozart's Jupiter with loudness shifted at 0.25Hz",43.0,0.04650181705796654
104,"Eyes closed, VR environment off, Mozart's Jupiter with loudness shifted at 0.25Hz",44.0,0.04736575187847254
105,"Eyes closed, VR environment off, Mozart's Jupiter with loudness shifted at 0.25Hz",45.0,0.047028283056850216
106,"Eyes closed, VR environment off, Mozart's Jupiter with loudness shifted at 0.25Hz",46.0,0.04683836769948436
107,"Eyes closed, VR environment off, Mozart's Jupiter with loudness shifted at 0.25Hz",47.0,0.04619816932059528
108,"Eyes closed, VR environment off, Mozart's Jupiter with loudness shifted at 0.25Hz",48.0,0.0460555534411186
109,"Eyes closed, VR environment off, Mozart's Jupiter with loudness shifted at 0.25Hz",49.0,0.04602135014768637
110,"Eyes closed, VR environment off, Mozart's Jupiter with loudness shifted at 0.25Hz",50.0,0.04853264652450119
111,"Eyes closed, VR environment off, Mozart's Jupiter with loudness shifted at 0.25Hz",51.0,0.046950609786675035
112,"Eyes closed, VR environment off, Mozart's Jupiter with loudness shifted at 0.25Hz",52.0,0.04586457063455902
113,"Eyes closed, VR environment off, Mozart's Jupiter with loudness shifted at 0.25Hz",53.0,0.04294990083840799
114,"Eyes closed, VR environment off, Mozart's Jupiter with loudness shifted at 0.25Hz",54.0,0.04386933289772459
115,"Eyes closed, VR environment off, Mozart's Jupiter with loudness shifted at 0.25Hz",55.0,0.045280361724086594
116,"Eyes closed, VR environment off, Mozart's Jupiter with loudness shifted at 0.25Hz",56.0,0.04436860209240943
117,"Eyes closed, VR environment off, Mozart's Jupiter with loudness shifted at 0.25Hz",57.0,0.045583947830501965
118,"Eyes closed, VR environment off, Mozart's Jupiter with loudness shifted at 0.25Hz",58.0,0.04508466847016771
119,"Eyes closed, VR environment off, Mozart's Jupiter with loudness shifted at 0.25Hz",59.0,0.04538021006640837
120,"Eyes closed, VR environment on, no music",0.0,0.04838556495570527
121,"Eyes closed, VR environment on, no music",1.0,0.04723380413997791
122,"Eyes closed, VR environment on, no music",2.0,0.04707717649384535
123,"Eyes closed, VR environment on, no music",3.0,0.046758902207272336
124,"Eyes closed, VR environment on, no music",4.0,0.04632883377331565
125,"Eyes closed, VR environment on, no music",5.0,0.04651291979681893
126,"Eyes closed, VR environment on, no music",6.0,0.046944858386645145
127,"Eyes closed, VR environment on, no music",7.0,0.0481521798822473
128,"Eyes closed, VR environment on, no music",8.0,0.04595645485577089
129,"Eyes closed, VR environment on, no music",9.0,0.04716273638726626
130,"Eyes closed, VR environment on, no music",10.0,0.04690330348401706
131,"Eyes closed, VR environment on, no music",11.0,0.04739426179153911
132,"Eyes closed, VR environment on, no music",12.0,0.047294762743280074
133,"Eyes closed, VR environment on, no music",13.0,0.04635799521152741
134,"Eyes closed, VR environment on, no music",14.0,0.04687774447491337
135,"Eyes closed, VR environment on, no music",15.0,0.04633954050617199
136,"Eyes closed, VR environment on, no music",16.0,0.045500842916946414
137,"Eyes closed, VR environment on, no music",17.0,0.04699756351036004
138,"Eyes closed, VR environment on, no music",18.0,0.04672856527158997
139,"Eyes closed, VR environment on, no music",19.0,0.04787104876208601
140,"Eyes closed, VR environment on, no music",20.0,0.04779273335447181
141,"Eyes closed, VR environment on, no music",21.0,0.05087022532556331
142,"Eyes closed, VR environment on, no music",22.0,0.04760929578965691
143,"Eyes closed, VR environment on, no music",23.0,0.04752424721328873
144,"Eyes closed, VR environment on, no music",24.0,0.04750668884004433
145,"Eyes closed, VR environment on, no music",25.0,0.048008914786075295
146,"Eyes closed, VR environment on, no music",26.0,0.04768368684990493
147,"Eyes closed, VR environment on, no music",27.0,0.04867391870226813
148,"Eyes closed, VR environment on, no music",28.0,0.049243945192079745
149,"Eyes closed, VR environment on, no music",29.0,0.04747558483234724
150,"Eyes closed, VR environment on, no music",30.0,0.04863094238011697
151,"Eyes closed, VR environment on, no music",31.0,0.04966740770720278
152,"Eyes closed, VR environment on, no music",32.0,0.047962499241596755
153,"Eyes closed, VR environment on, no music",33.0,0.04934924029215802
154,"Eyes closed, VR environment on, no music",34.0,0.049545219212564474
155,"Eyes closed, VR environment on, no music",35.0,0.04768571363217836
156,"Eyes closed, VR environment on, no music",36.0,0.04929164635601998
157,"Eyes closed, VR environment on, no music",37.0,0.04912477551819895
158,"Eyes closed, VR environment on, no music",38.0,0.04948167198047441
159,"Eyes closed, VR environment on, no music",39.0,0.05028997895685281
160,"Eyes closed, VR environment on, no music",40.0,0.0499125104627721
161,"Eyes closed, VR environment on, no music",41.0,0.0494055792987007
162,"Eyes closed, VR environment on, no music",42.0,0.04988168272888318
163,"Eyes closed, VR environment on, no music",43.0,0.049325692479650955
164,"Eyes closed, VR environment on, no music",44.0,0.04889433480509413
165,"Eyes closed, VR environment on, no music",45.0,0.049815341151891415
166,"Eyes closed, VR environment on, no music",46.0,0.04985175470503489
167,"Eyes closed, VR environment on, no music",47.0,0.049449889754754714
168,"Eyes closed, VR environment on, no music",48.0,0.048874234911149304
169,"Eyes closed, VR environment on, no music",49.0,0.0500274913410239
170,"Eyes closed, VR environment on, no music",50.0,0.049176343557250354
171,"Eyes closed, VR environment on, no music",51.0,0.04988121460018043
172,"Eyes closed, VR environment on, no music",52.0,0.04856876627386547
173,"Eyes closed, VR environment on, no music",53.0,0.04786434466611535
174,"Eyes closed, VR environment on, no music",54.0,0.0484092612716043
175,"Eyes closed, VR environment on, no music",55.0,0.04754972757147901
176,"Eyes closed, VR environment on, no music",56.0,0.04787090660172966
177,"Eyes closed, VR environment on, no music",57.0,0.04868752432168193
178,"Eyes closed, VR environment on, no music",58.0,0.04893849471935972
179,"Eyes closed, VR environment on, no music",59.0,0.049338035210305095
180,"Eyes closed, VR environment on, unmodified Mozart's Jupiter",0.0,0.04479441031740489
181,"Eyes closed, VR environment on, unmodified Mozart's Jupiter",1.0,0.04447081633222832
182,"Eyes closed, VR environment on, unmodified Mozart's Jupiter",2.0,0.04476788460873412
183,"Eyes closed, VR environment on, unmodified Mozart's Jupiter",3.0,0.043670266053070644
184,"Eyes closed, VR environment on, unmodified Mozart's Jupiter",4.0,0.04409118452944752
185,"Eyes closed, VR environment on, unmodified Mozart's Jupiter",5.0,0.04308552332236176
186,"Eyes closed, VR environment on, unmodified Mozart's Jupiter",6.0,0.04358801975446737
187,"Eyes closed, VR environment on, unmodified Mozart's Jupiter",7.0,0.043338622315344064
188,"Eyes closed, VR environment on, unmodified Mozart's Jupiter",8.0,0.0446493895203659
189,"Eyes closed, VR environment on, unmodified Mozart's Jupiter",9.0,0.043621471269221924
190,"Eyes closed, VR environment on, unmodified Mozart's Jupiter",10.0,0.04341836696869995
191,"Eyes closed, VR environment on, unmodified Mozart's Jupiter",11.0,0.042679659342840945
192,"Eyes closed, VR environment on, unmodified Mozart's Jupiter",12.0,0.04181268887849142
193,"Eyes closed, VR environment on, unmodified Mozart's Jupiter",13.0,0.04216400031477078
194,"Eyes closed, VR environment on, unmodified Mozart's Jupiter",14.0,0.04319722455222503
195,"Eyes closed, VR environment on, unmodified Mozart's Jupiter",15.0,0.04371551484008096
196,"Eyes closed, VR environment on, unmodified Mozart's Jupiter",16.0,0.043295512066260804
197,"Eyes closed, VR environment on, unmodified Mozart's Jupiter",17.0,0.04364594444192094
198,"Eyes closed, VR environment on, unmodified Mozart's Jupiter",18.0,0.0433321181010953
199,"Eyes closed, VR environment on, unmodified Mozart's Jupiter",19.0,0.04409356653705349
200,"Eyes closed, VR environment on, unmodified Mozart's Jupiter",20.0,0.04320700562344072
201,"Eyes closed, VR environment on, unmodified Mozart's Jupiter",21.0,0.04400025691136924
202,"Eyes closed, VR environment on, unmodified Mozart's Jupiter",22.0,0.04445629065054312
203,"Eyes closed, VR environment on, unmodified Mozart's Jupiter",23.0,0.0441331135410738
204,"Eyes closed, VR environment on, unmodified Mozart's Jupiter",24.0,0.04426630584282208
205,"Eyes closed, VR environment on, unmodified Mozart's Jupiter",25.0,0.04384728308185459
206,"Eyes closed, VR environment on, unmodified Mozart's Jupiter",26.0,0.04499937328368591
207,"Eyes closed, VR environment on, unmodified Mozart's Jupiter",27.0,0.0440339356010541
208,"Eyes closed, VR environment on, unmodified Mozart's Jupiter",28.0,0.04538158021436508
209,"Eyes closed, VR environment on, unmodified Mozart's Jupiter",29.0,0.045269431451470325
210,"Eyes closed, VR environment on, unmodified Mozart's Jupiter",30.0,0.04381804947891928
211,"Eyes closed, VR environment on, unmodified Mozart's Jupiter",31.0,0.0438183309819486
212,"Eyes closed, VR environment on, unmodified Mozart's Jupiter",32.0,0.04454055450754865
213,"Eyes closed, VR environment on, unmodified Mozart's Jupiter",33.0,0.044293743967233415
214,"Eyes closed, VR environment on, unmodified Mozart's Jupiter",34.0,0.04507973116774419
215,"Eyes closed, VR environment on, unmodified Mozart's Jupiter",35.0,0.04470807966183029
216,"Eyes closed, VR environment on, unmodified Mozart's Jupiter",36.0,0.044382112934798684
217,"Eyes closed, VR environment on, unmodified Mozart's Jupiter",37.0,0.044103170750870745
218,"Eyes closed, VR environment on, unmodified Mozart's Jupiter",38.0,0.045076712687281
219,"Eyes closed, VR environment on, unmodified Mozart's Jupiter",39.0,0.044659849177757865
220,"Eyes closed, VR environment on, unmodified Mozart's Jupiter",40.0,0.043278787032003
221,"Eyes closed, VR environment on, unmodified Mozart's Jupiter",41.0,0.04369451077300436
222,"Eyes closed, VR environment on, unmodified Mozart's Jupiter",42.0,0.044028487018366695
223,"Eyes closed, VR environment on, unmodified Mozart's Jupiter",43.0,0.04346513568408547
224,"Eyes closed, VR environment on, unmodified Mozart's Jupiter",44.0,0.044268128826333485
225,"Eyes closed, VR environment on, unmodified Mozart's Jupiter",45.0,0.04507489086586821
226,"Eyes closed, VR environment on, unmodified Mozart's Jupiter",46.0,0.04255094272081615
227,"Eyes closed, VR environment on, unmodified Mozart's Jupiter",47.0,0.044998047281226215
228,"Eyes closed, VR environment on, unmodified Mozart's Jupiter",48.0,0.04465123837669376
229,"Eyes closed, VR environment on, unmodified Mozart's Jupiter",49.0,0.043297649171214446
230,"Eyes closed, VR environment on, unmodified Mozart's Jupiter",50.0,0.04322766701978641
231,"Eyes closed, VR environment on, unmodified Mozart's Jupiter",51.0,0.04436991416634609
232,"Eyes closed, VR environment on, unmodified Mozart's Jupiter",52.0,0.045460913048974205
233,"Eyes closed, VR environment on, unmodified Mozart's Jupiter",53.0,0.04556809261617839
234,"Eyes closed, VR environment on, unmodified Mozart's Jupiter",54.0,0.04553011229434933
235,"Eyes closed, VR environment on, unmodified Mozart's Jupiter",55.0,0.04571542515870548
236,"Eyes closed, VR environment on, unmodified Mozart's Jupiter",56.0,0.045825723117574935
237,"Eyes closed, VR environment on, unmodified Mozart's Jupiter",57.0,0.04461931818270705
238,"Eyes closed, VR environment on, unmodified Mozart's Jupiter",58.0,0.04432737401488375
239,"Eyes closed, VR environment on, unmodified Mozart's Jupiter",59.0,0.044608336917778935
240,"VR environment on and moving at 0.1 Hz, Mozart's Jupiter with loudness shifted at 0.1Hz",0.0,0.04277503144567324
241,"VR environment on and moving at 0.1 Hz, Mozart's Jupiter with loudness shifted at 0.1Hz",1.0,0.04152865760588149
242,"VR environment on and moving at 0.1 Hz, Mozart's Jupiter with loudness shifted at 0.1Hz",2.0,0.03915914924903855
243,"VR environment on and moving at 0.1 Hz, Mozart's Jupiter with loudness shifted at 0.1Hz",3.0,0.03731182411971474
244,"VR environment on and moving at 0.1 Hz, Mozart's Jupiter with loudness shifted at 0.1Hz",4.0,0.038828630517613406
245,"VR environment on and moving at 0.1 Hz, Mozart's Jupiter with loudness shifted at 0.1Hz",5.0,0.036294166562600386
246,"VR environment on and moving at 0.1 Hz, Mozart's Jupiter with loudness shifted at 0.1Hz",6.0,0.03816627483589197
247,"VR environment on and moving at 0.1 Hz, Mozart's Jupiter with loudness shifted at 0.1Hz",7.0,0.040240342472526676
248,"VR environment on and moving at 0.1 Hz, Mozart's Jupiter with loudness shifted at 0.1Hz",8.0,0.0403343122656933
249,"VR environment on and moving at 0.1 Hz, Mozart's Jupiter with loudness shifted at 0.1Hz",9.0,0.04256346113485013
250,"VR environment on and moving at 0.1 Hz, Mozart's Jupiter with loudness shifted at 0.1Hz",10.0,0.04358008407020019
251,"VR environment on and moving at 0.1 Hz, Mozart's Jupiter with loudness shifted at 0.1Hz",11.0,0.04176494497636337
252,"VR environment on and moving at 0.1 Hz, Mozart's Jupiter with loudness shifted at 0.1Hz",12.0,0.04114983721263873
253,"VR environment on and moving at 0.1 Hz, Mozart's Jupiter with loudness shifted at 0.1Hz",13.0,0.037101909756809964
254,"VR environment on and moving at 0.1 Hz, Mozart's Jupiter with loudness shifted at 0.1Hz",14.0,0.037655682955958995
255,"VR environment on and moving at 0.1 Hz, Mozart's Jupiter with loudness shifted at 0.1Hz",15.0,0.03780392161642436
256,"VR environment on and moving at 0.1 Hz, Mozart's Jupiter with loudness shifted at 0.1Hz",16.0,0.04018378786277984
257,"VR environment on and moving at 0.1 Hz, Mozart's Jupiter with loudness shifted at 0.1Hz",17.0,0.04303402680989809
258,"VR environment on and moving at 0.1 Hz, Mozart's Jupiter with loudness shifted at 0.1Hz",18.0,0.0450452006617189
259,"VR environment on and moving at 0.1 Hz, Mozart's Jupiter with loudness shifted at 0.1Hz",19.0,0.04557843122098823
260,"VR environment on and moving at 0.1 Hz, Mozart's Jupiter with loudness shifted at 0.1Hz",20.0,0.045047700717238105
261,"VR environment on and moving at 0.1 Hz, Mozart's Jupiter with loudness shifted at 0.1Hz",21.0,0.0442109486608995
262,"VR environment on and moving at 0.1 Hz, Mozart's Jupiter with loudness shifted at 0.1Hz",22.0,0.042000897929481175
263,"VR environment on and moving at 0.1 Hz, Mozart's Jupiter with loudness shifted at 0.1Hz",23.0,0.039760629248713895
264,"VR environment on and moving at 0.1 Hz, Mozart's Jupiter with loudness shifted at 0.1Hz",24.0,0.03901859354355846
265,"VR environment on and moving at 0.1 Hz, Mozart's Jupiter with loudness shifted at 0.1Hz",25.0,0.038962384347020894
266,"VR environment on and moving at 0.1 Hz, Mozart's Jupiter with loudness shifted at 0.1Hz",26.0,0.03867230522675014
267,"VR environment on and moving at 0.1 Hz, Mozart's Jupiter with loudness shifted at 0.1Hz",27.0,0.04162835870420722
268,"VR environment on and moving at 0.1 Hz, Mozart's Jupiter with loudness shifted at 0.1Hz",28.0,0.04528098259593371
269,"VR environment on and moving at 0.1 Hz, Mozart's Jupiter with loudness shifted at 0.1Hz",29.0,0.04612443515860273
270,"VR environment on and moving at 0.1 Hz, Mozart's Jupiter with loudness shifted at 0.1Hz",30.0,0.047224565173444595
271,"VR environment on and moving at 0.1 Hz, Mozart's Jupiter with loudness shifted at 0.1Hz",31.0,0.04508390276038904
272,"VR environment on and moving at 0.1 Hz, Mozart's Jupiter with loudness shifted at 0.1Hz",32.0,0.041176408456858306
273,"VR environment on and moving at 0.1 Hz, Mozart's Jupiter with loudness shifted at 0.1Hz",33.0,0.036918748277945224
274,"VR environment on and moving at 0.1 Hz, Mozart's Jupiter with loudness shifted at 0.1Hz",34.0,0.036260360520723095
275,"VR environment on and moving at 0.1 Hz, Mozart's Jupiter with loudness shifted at 0.1Hz",35.0,0.036958852081784246
276,"VR environment on and moving at 0.1 Hz, Mozart's Jupiter with loudness shifted at 0.1Hz",36.0,0.038532932623384385
277,"VR environment on and moving at 0.1 Hz, Mozart's Jupiter with loudness shifted at 0.1Hz",37.0,0.042599014414803446
278,"VR environment on and moving at 0.1 Hz, Mozart's Jupiter with loudness shifted at 0.1Hz",38.0,0.04337206098839618
279,"VR environment on and moving at 0.1 Hz, Mozart's Jupiter with loudness shifted at 0.1Hz",39.0,0.04548425256529316
280,"VR environment on and moving at 0.1 Hz, Mozart's Jupiter with loudness shifted at 0.1Hz",40.0,0.046355375531125544
281,"VR environment on and moving at 0.1 Hz, Mozart's Jupiter with loudness shifted at 0.1Hz",41.0,0.04305788303822136
282,"VR environment on and moving at 0.1 Hz, Mozart's Jupiter with loudness shifted at 0.1Hz",42.0,0.03983112276481903
283,"VR environment on and moving at 0.1 Hz, Mozart's Jupiter with loudness shifted at 0.1Hz",43.0,0.03864932692720691
284,"VR environment on and moving at 0.1 Hz, Mozart's Jupiter with loudness shifted at 0.1Hz",44.0,0.03782344758941661
285,"VR environment on and moving at 0.1 Hz, Mozart's Jupiter with loudness shifted at 0.1Hz",45.0,0.040025148341063715
286,"VR environment on and moving at 0.1 Hz, Mozart's Jupiter with loudness shifted at 0.1Hz",46.0,0.04022849587387339
287,"VR environment on and moving at 0.1 Hz, Mozart's Jupiter with loudness shifted at 0.1Hz",47.0,0.040786009820100916
288,"VR environment on and moving at 0.1 Hz, Mozart's Jupiter with loudness shifted at 0.1Hz",48.0,0.043049151212235175
289,"VR environment on and moving at 0.1 Hz, Mozart's Jupiter with loudness shifted at 0.1Hz",49.0,0.04420745745279729
290,"VR environment on and moving at 0.1 Hz, Mozart's Jupiter with loudness shifted at 0.1Hz",50.0,0.04553870345450646
291,"VR environment on and moving at 0.1 Hz, Mozart's Jupiter with loudness shifted at 0.1Hz",51.0,0.044119390929065146
292,"VR environment on and moving at 0.1 Hz, Mozart's Jupiter with loudness shifted at 0.1Hz",52.0,0.04350602151715517
293,"VR environment on and moving at 0.1 Hz, Mozart's Jupiter with loudness shifted at 0.1Hz",53.0,0.038519798141209705
294,"VR environment on and moving at 0.1 Hz, Mozart's Jupiter with loudness shifted at 0.1Hz",54.0,0.03982599626058553
295,"VR environment on and moving at 0.1 Hz, Mozart's Jupiter with loudness shifted at 0.1Hz",55.0,0.03863240605082789
296,"VR environment on and moving at 0.1 Hz, Mozart's Jupiter with loudness shifted at 0.1Hz",56.0,0.0404010679599481
297,"VR environment on and moving at 0.1 Hz, Mozart's Jupiter with loudness shifted at 0.1Hz",57.0,0.0415166874741312
298,"VR environment on and moving at 0.1 Hz, Mozart's Jupiter with loudness shifted at 0.1Hz",58.0,0.04415613195329143
299,"VR environment on and moving at 0.1 Hz, Mozart's Jupiter with loudness shifted at 0.1Hz",59.0,0.047074280412663094
300,"VR environment on and moving at 0.1 Hz, Mozart's Jupiter with loudness shifted at 0.25Hz",0.0,0.04125629096680654
301,"VR environment on and moving at 0.1 Hz, Mozart's Jupiter with loudness shifted at 0.25Hz",1.0,0.03943437140239851
302,"VR environment on and moving at 0.1 Hz, Mozart's Jupiter with loudness shifted at 0.25Hz",2.0,0.03904890779343819
303,"VR environment on and moving at 0.1 Hz, Mozart's Jupiter with loudness shifted at 0.25Hz",3.0,0.03856448947344056
304,"VR environment on and moving at 0.1 Hz, Mozart's Jupiter with loudness shifted at 0.25Hz",4.0,0.03815996826485861
305,"VR environment on and moving at 0.1 Hz, Mozart's Jupiter with loudness shifted at 0.25Hz",5.0,0.03920900586796866
306,"VR environment on and moving at 0.1 Hz, Mozart's Jupiter with loudness shifted at 0.25Hz",6.0,0.03976329952128877
307,"VR environment on and moving at 0.1 Hz, Mozart's Jupiter with loudness shifted at 0.25Hz",7.0,0.04032755535411552
308,"VR environment on and moving at 0.1 Hz, Mozart's Jupiter with loudness shifted at 0.25Hz",8.0,0.04156672793263272
309,"VR environment on and moving at 0.1 Hz, Mozart's Jupiter with loudness shifted at 0.25Hz",9.0,0.044208529204962106
310,"VR environment on and moving at 0.1 Hz, Mozart's Jupiter with loudness shifted at 0.25Hz",10.0,0.042874171604849666
311,"VR environment on and moving at 0.1 Hz, Mozart's Jupiter with loudness shifted at 0.25Hz",11.0,0.04227493813608935
312,"VR environment on and moving at 0.1 Hz, Mozart's Jupiter with loudness shifted at 0.25Hz",12.0,0.03981120853474583
313,"VR environment on and moving at 0.1 Hz, Mozart's Jupiter with loudness shifted at 0.25Hz",13.0,0.03877095489869138
314,"VR environment on and moving at 0.1 Hz, Mozart's Jupiter with loudness shifted at 0.25Hz",14.0,0.038877496291902534
315,"VR environment on and moving at 0.1 Hz, Mozart's Jupiter with loudness shifted at 0.25Hz",15.0,0.03912429586842066
316,"VR environment on and moving at 0.1 Hz, Mozart's Jupiter with loudness shifted at 0.25Hz",16.0,0.03863481362455141
317,"VR environment on and moving at 0.1 Hz, Mozart's Jupiter with loudness shifted at 0.25Hz",17.0,0.04188320729201517
318,"VR environment on and moving at 0.1 Hz, Mozart's Jupiter with loudness shifted at 0.25Hz",18.0,0.04340917217318572
319,"VR environment on and moving at 0.1 Hz, Mozart's Jupiter with loudness shifted at 0.25Hz",19.0,0.04377603705034187
320,"VR environment on and moving at 0.1 Hz, Mozart's Jupiter with loudness shifted at 0.25Hz",20.0,0.04321794412312393
321,"VR environment on and moving at 0.1 Hz, Mozart's Jupiter with loudness shifted at 0.25Hz",21.0,0.04121947529611134
322,"VR environment on and moving at 0.1 Hz, Mozart's Jupiter with loudness shifted at 0.25Hz",22.0,0.04013604457308163
323,"VR environment on and moving at 0.1 Hz, Mozart's Jupiter with loudness shifted at 0.25Hz",23.0,0.038538365399437925
324,"VR environment on and moving at 0.1 Hz, Mozart's Jupiter with loudness shifted at 0.25Hz",24.0,0.03967943106889931
325,"VR environment on and moving at 0.1 Hz, Mozart's Jupiter with loudness shifted at 0.25Hz",25.0,0.039515047316749395
326,"VR environment on and moving at 0.1 Hz, Mozart's Jupiter with loudness shifted at 0.25Hz",26.0,0.0395517814648514
327,"VR environment on and moving at 0.1 Hz, Mozart's Jupiter with loudness shifted at 0.25Hz",27.0,0.04268428960996764
328,"VR environment on and moving at 0.1 Hz, Mozart's Jupiter with loudness shifted at 0.25Hz",28.0,0.043708276154883985
329,"VR environment on and moving at 0.1 Hz, Mozart's Jupiter with loudness shifted at 0.25Hz",29.0,0.04376816894535195
330,"VR environment on and moving at 0.1 Hz, Mozart's Jupiter with loudness shifted at 0.25Hz",30.0,0.044298397616418114
331,"VR environment on and moving at 0.1 Hz, Mozart's Jupiter with loudness shifted at 0.25Hz",31.0,0.041926313816849185
332,"VR environment on and moving at 0.1 Hz, Mozart's Jupiter with loudness shifted at 0.25Hz",32.0,0.04078324823296089
333,"VR environment on and moving at 0.1 Hz, Mozart's Jupiter with loudness shifted at 0.25Hz",33.0,0.040399534390549656
334,"VR environment on and moving at 0.1 Hz, Mozart's Jupiter with loudness shifted at 0.25Hz",34.0,0.03980081242872047
335,"VR environment on and moving at 0.1 Hz, Mozart's Jupiter with loudness shifted at 0.25Hz",35.0,0.03950343976347992
336,"VR environment on and moving at 0.1 Hz, Mozart's Jupiter with loudness shifted at 0.25Hz",36.0,0.04099277175564527
337,"VR environment on and moving at 0.1 Hz, Mozart's Jupiter with loudness shifted at 0.25Hz",37.0,0.04182400320041157
338,"VR environment on and moving at 0.1 Hz, Mozart's Jupiter with loudness shifted at 0.25Hz",38.0,0.04532254823033988
339,"VR environment on and moving at 0.1 Hz, Mozart's Jupiter with loudness shifted at 0.25Hz",39.0,0.0456284241643854
340,"VR environment on and moving at 0.1 Hz, Mozart's Jupiter with loudness shifted at 0.25Hz",40.0,0.046073154463226705
341,"VR environment on and moving at 0.1 Hz, Mozart's Jupiter with loudness shifted at 0.25Hz",41.0,0.04270747371213794
342,"VR environment on and moving at 0.1 Hz, Mozart's Jupiter with loudness shifted at 0.25Hz",42.0,0.04074246035898892
343,"VR environment on and moving at 0.1 Hz, Mozart's Jupiter with loudness shifted at 0.25Hz",43.0,0.04147330032563644
344,"VR environment on and moving at 0.1 Hz, Mozart's Jupiter with loudness shifted at 0.25Hz",44.0,0.03945086707327816
345,"VR environment on and moving at 0.1 Hz, Mozart's Jupiter with loudness shifted at 0.25Hz",45.0,0.039139084822092794
346,"VR environment on and moving at 0.1 Hz, Mozart's Jupiter with loudness shifted at 0.25Hz",46.0,0.03957563884792535
347,"VR environment on and moving at 0.1 Hz, Mozart's Jupiter with loudness shifted at 0.25Hz",47.0,0.04211514801702493
348,"VR environment on and moving at 0.1 Hz, Mozart's Jupiter with loudness shifted at 0.25Hz",48.0,0.044225424257947246
349,"VR environment on and moving at 0.1 Hz, Mozart's Jupiter with loudness shifted at 0.25Hz",49.0,0.04452086415628419
350,"VR environment on and moving at 0.1 Hz, Mozart's Jupiter with loudness shifted at 0.25Hz",50.0,0.047010328198125596
351,"VR environment on and moving at 0.1 Hz, Mozart's Jupiter with loudness shifted at 0.25Hz",51.0,0.04429597533322195
352,"VR environment on and moving at 0.1 Hz, Mozart's Jupiter with loudness shifted at 0.25Hz",52.0,0.04033769668683906
353,"VR environment on and moving at 0.1 Hz, Mozart's Jupiter with loudness shifted at 0.25Hz",53.0,0.040909319645198276
354,"VR environment on and moving at 0.1 Hz, Mozart's Jupiter with loudness shifted at 0.25Hz",54.0,0.03828598905314723
355,"VR environment on and moving at 0.1 Hz, Mozart's Jupiter with loudness shifted at 0.25Hz",55.0,0.040793850654287776
356,"VR environment on and moving at 0.1 Hz, Mozart's Jupiter with loudness shifted at 0.25Hz",56.0,0.04115791861705872
357,"VR environment on and moving at 0.1 Hz, Mozart's Jupiter with loudness shifted at 0.25Hz",57.0,0.043168416555604425
358,"VR environment on and moving at 0.1 Hz, Mozart's Jupiter with loudness shifted at 0.25Hz",58.0,0.04379282409742985
359,"VR environment on and moving at 0.1 Hz, Mozart's Jupiter with loudness shifted at 0.25Hz",59.0,0.04444111854376344
360,"VR environment on and moving at 0.1 Hz, Mozart's Jupiter with loudness shifted at 0.25Hz",60.0,0.058446875878869695
361,"VR environment on and moving at 0.1 Hz, no music",0.0,0.0434469892067165
362,"VR environment on and moving at 0.1 Hz, no music",1.0,0.042807632072600944
363,"VR environment on and moving at 0.1 Hz, no music",2.0,0.04059861867089811
364,"VR environment on and moving at 0.1 Hz, no music",3.0,0.03919420235167713
365,"VR environment on and moving at 0.1 Hz, no music",4.0,0.04014392641397008
366,"VR environment on and moving at 0.1 Hz, no music",5.0,0.03874419551515579
367,"VR environment on and moving at 0.1 Hz, no music",6.0,0.04066249611600563
368,"VR environment on and moving at 0.1 Hz, no music",7.0,0.04235934811263918
369,"VR environment on and moving at 0.1 Hz, no music",8.0,0.044155085609462415
370,"VR environment on and moving at 0.1 Hz, no music",9.0,0.043734971396423114
371,"VR environment on and moving at 0.1 Hz, no music",10.0,0.043345301261175626
372,"VR environment on and moving at 0.1 Hz, no music",11.0,0.04458044611678731
373,"VR environment on and moving at 0.1 Hz, no music",12.0,0.041451839520336486
374,"VR environment on and moving at 0.1 Hz, no music",13.0,0.04100307439279522
375,"VR environment on and moving at 0.1 Hz, no music",14.0,0.04015715380311286
376,"VR environment on and moving at 0.1 Hz, no music",15.0,0.04171520933877065
377,"VR environment on and moving at 0.1 Hz, no music",16.0,0.04123352687078586
378,"VR environment on and moving at 0.1 Hz, no music",17.0,0.042644740227164954
379,"VR environment on and moving at 0.1 Hz, no music",18.0,0.04340567914720766
380,"VR environment on and moving at 0.1 Hz, no music",19.0,0.045593307672857665
381,"VR environment on and moving at 0.1 Hz, no music",20.0,0.04456079440722083
382,"VR environment on and moving at 0.1 Hz, no music",21.0,0.043735610285694324
383,"VR environment on and moving at 0.1 Hz, no music",22.0,0.041286008197443366
384,"VR environment on and moving at 0.1 Hz, no music",23.0,0.0387686886535614
385,"VR environment on and moving at 0.1 Hz, no music",24.0,0.04010482057730214
386,"VR environment on and moving at 0.1 Hz, no music",25.0,0.03858171088040262
387,"VR environment on and moving at 0.1 Hz, no music",26.0,0.03980293394202611
388,"VR environment on and moving at 0.1 Hz, no music",27.0,0.040486802879229775
389,"VR environment on and moving at 0.1 Hz, no music",28.0,0.04079241880751907
390,"VR environment on and moving at 0.1 Hz, no music",29.0,0.04348190265729908
391,"VR environment on and moving at 0.1 Hz, no music",30.0,0.04330472755953744
392,"VR environment on and moving at 0.1 Hz, no music",31.0,0.04216219397071461
393,"VR environment on and moving at 0.1 Hz, no music",32.0,0.04166063303654693
394,"VR environment on and moving at 0.1 Hz, no music",33.0,0.039920168708252435
395,"VR environment on and moving at 0.1 Hz, no music",34.0,0.039832973848664736
396,"VR environment on and moving at 0.1 Hz, no music",35.0,0.03904027708068676
397,"VR environment on and moving at 0.1 Hz, no music",36.0,0.038621775606883325
398,"VR environment on and moving at 0.1 Hz, no music",37.0,0.04086432918842581
399,"VR environment on and moving at 0.1 Hz, no music",38.0,0.04159327352045656
400,"VR environment on and moving at 0.1 Hz, no music",39.0,0.04315446506882646
401,"VR environment on and moving at 0.1 Hz, no music",40.0,0.04585556782029622
402,"VR environment on and moving at 0.1 Hz, no music",41.0,0.04471107508989256
403,"VR environment on and moving at 0.1 Hz, no music",42.0,0.0433775313281231
404,"VR environment on and moving at 0.1 Hz, no music",43.0,0.041860416722104485
405,"VR environment on and moving at 0.1 Hz, no music",44.0,0.03858334018882727
406,"VR environment on and moving at 0.1 Hz, no music",45.0,0.04032069554441366
407,"VR environment on and moving at 0.1 Hz, no music",46.0,0.04171479592307502
408,"VR environment on and moving at 0.1 Hz, no music",47.0,0.041054120547956256
409,"VR environment on and moving at 0.1 Hz, no music",48.0,0.04374820941478891
410,"VR environment on and moving at 0.1 Hz, no music",49.0,0.044632227372030465
411,"VR environment on and moving at 0.1 Hz, no music",50.0,0.045435636116818744
412,"VR environment on and moving at 0.1 Hz, no music",51.0,0.04524079808650143
413,"VR environment on and moving at 0.1 Hz, no music",52.0,0.044103828056082116
414,"VR environment on and moving at 0.1 Hz, no music",53.0,0.042068986654103156
415,"VR environment on and moving at 0.1 Hz, no music",54.0,0.04101838729980761
416,"VR environment on and moving at 0.1 Hz, no music",55.0,0.040161375450867225
417,"VR environment on and moving at 0.1 Hz, no music",56.0,0.04236146093176494
418,"VR environment on and moving at 0.1 Hz, no music",57.0,0.04366113066177809
419,"VR environment on and moving at 0.1 Hz, no music",58.0,0.04549124168116303
420,"VR environment on and moving at 0.1 Hz, no music",59.0,0.045019926757025555
421,"VR environment on, Mozart's Jupiter with loudness shifted at 0.1Hz",0.0,0.04514244294744551
422,"VR environment on, Mozart's Jupiter with loudness shifted at 0.1Hz",1.0,0.046149744665678394
423,"VR environment on, Mozart's Jupiter with loudness shifted at 0.1Hz",2.0,0.04525797343138173
424,"VR environment on, Mozart's Jupiter with loudness shifted at 0.1Hz",3.0,0.04546800492306087
425,"VR environment on, Mozart's Jupiter with loudness shifted at 0.1Hz",4.0,0.04521478273957478
426,"VR environment on, Mozart's Jupiter with loudness shifted at 0.1Hz",5.0,0.04549199181046028
427,"VR environment on, Mozart's Jupiter with loudness shifted at 0.1Hz",6.0,0.045937666183791324
428,"VR environment on, Mozart's Jupiter with loudness shifted at 0.1Hz",7.0,0.04586641125822888
429,"VR environment on, Mozart's Jupiter with loudness shifted at 0.1Hz",8.0,0.04564603075170642
430,"VR environment on, Mozart's Jupiter with loudness shifted at 0.1Hz",9.0,0.04505231212977726
431,"VR environment on, Mozart's Jupiter with loudness shifted at 0.1Hz",10.0,0.04604199228565125
432,"VR environment on, Mozart's Jupiter with loudness shifted at 0.1Hz",11.0,0.0462587530573414
433,"VR environment on, Mozart's Jupiter with loudness shifted at 0.1Hz",12.0,0.04572296372577417
434,"VR environment on, Mozart's Jupiter with loudness shifted at 0.1Hz",13.0,0.04451003691675278
435,"VR environment on, Mozart's Jupiter with loudness shifted at 0.1Hz",14.0,0.04415644980078537
436,"VR environment on, Mozart's Jupiter with loudness shifted at 0.1Hz",15.0,0.04495010259599487
437,"VR environment on, Mozart's Jupiter with loudness shifted at 0.1Hz",16.0,0.046194901716318425
438,"VR environment on, Mozart's Jupiter with loudness shifted at 0.1Hz",17.0,0.047155893864172224
439,"VR environment on, Mozart's Jupiter with loudness shifted at 0.1Hz",18.0,0.045654566394778766
440,"VR environment on, Mozart's Jupiter with loudness shifted at 0.1Hz",19.0,0.0463745631294338
441,"VR environment on, Mozart's Jupiter with loudness shifted at 0.1Hz",20.0,0.045385360307688916
442,"VR environment on, Mozart's Jupiter with loudness shifted at 0.1Hz",21.0,0.045783736877460963
443,"VR environment on, Mozart's Jupiter with loudness shifted at 0.1Hz",22.0,0.045844865286715594
444,"VR environment on, Mozart's Jupiter with loudness shifted at 0.1Hz",23.0,0.04471020938144276
445,"VR environment on, Mozart's Jupiter with loudness shifted at 0.1Hz",24.0,0.046072391620681157
446,"VR environment on, Mozart's Jupiter with loudness shifted at 0.1Hz",25.0,0.046674523920693
447,"VR environment on, Mozart's Jupiter with loudness shifted at 0.1Hz",26.0,0.04766919815092805
448,"VR environment on, Mozart's Jupiter with loudness shifted at 0.1Hz",27.0,0.051760547854330964
449,"VR environment on, Mozart's Jupiter with loudness shifted at 0.1Hz",28.0,0.045991773998061425
450,"VR environment on, Mozart's Jupiter with loudness shifted at 0.1Hz",29.0,0.046810292033893884
451,"VR environment on, Mozart's Jupiter with loudness shifted at 0.1Hz",30.0,0.045999395493222406
452,"VR environment on, Mozart's Jupiter with loudness shifted at 0.1Hz",31.0,0.04614395435275091
453,"VR environment on, Mozart's Jupiter with loudness shifted at 0.1Hz",32.0,0.04556007142181611
454,"VR environment on, Mozart's Jupiter with loudness shifted at 0.1Hz",33.0,0.0473945410915958
455,"VR environment on, Mozart's Jupiter with loudness shifted at 0.1Hz",34.0,0.04783879048243502
456,"VR environment on, Mozart's Jupiter with loudness shifted at 0.1Hz",35.0,0.048930389485799586
457,"VR environment on, Mozart's Jupiter with loudness shifted at 0.1Hz",36.0,0.047744039121571734
458,"VR environment on, Mozart's Jupiter with loudness shifted at 0.1Hz",37.0,0.04989406888271004
459,"VR environment on, Mozart's Jupiter with loudness shifted at 0.1Hz",38.0,0.048002780670394964
460,"VR environment on, Mozart's Jupiter with loudness shifted at 0.1Hz",39.0,0.04791900447463806
461,"VR environment on, Mozart's Jupiter with loudness shifted at 0.1Hz",40.0,0.048196274573838696
462,"VR environment on, Mozart's Jupiter with loudness shifted at 0.1Hz",41.0,0.049289957208939986
463,"VR environment on, Mozart's Jupiter with loudness shifted at 0.1Hz",42.0,0.0473021124206671
464,"VR environment on, Mozart's Jupiter with loudness shifted at 0.1Hz",43.0,0.048463033127689056
465,"VR environment on, Mozart's Jupiter with loudness shifted at 0.1Hz",44.0,0.04926879245638834
466,"VR environment on, Mozart's Jupiter with loudness shifted at 0.1Hz",45.0,0.05059395982470596
467,"VR environment on, Mozart's Jupiter with loudness shifted at 0.1Hz",46.0,0.05054686828350014
468,"VR environment on, Mozart's Jupiter with loudness shifted at 0.1Hz",47.0,0.04846424183831804
469,"VR environment on, Mozart's Jupiter with loudness shifted at 0.1Hz",48.0,0.048032189381392795
470,"VR environment on, Mozart's Jupiter with loudness shifted at 0.1Hz",49.0,0.0475223794392103
471,"VR environment on, Mozart's Jupiter with loudness shifted at 0.1Hz",50.0,0.04764605355808238
472,"VR environment on, Mozart's Jupiter with loudness shifted at 0.1Hz",51.0,0.04867874614525428
473,"VR environment on, Mozart's Jupiter with loudness shifted at 0.1Hz",52.0,0.04743328520032535
474,"VR environment on, Mozart's Jupiter with loudness shifted at 0.1Hz",53.0,0.046890222392458145
475,"VR environment on, Mozart's Jupiter with loudness shifted at 0.1Hz",54.0,0.046131053449175556
476,"VR environment on, Mozart's Jupiter with loudness shifted at 0.1Hz",55.0,0.04765396351113368
477,"VR environment on, Mozart's Jupiter with loudness shifted at 0.1Hz",56.0,0.048068053598775425
478,"VR environment on, Mozart's Jupiter with loudness shifted at 0.1Hz",57.0,0.049651907290220086
479,"VR environment on, Mozart's Jupiter with loudness shifted at 0.1Hz",58.0,0.04953272104183837
480,"VR environment on, Mozart's Jupiter with loudness shifted at 0.1Hz",59.0,0.04954428300820362
481,"VR environment on, Mozart's Jupiter with loudness shifted at 0.25Hz",0.0,0.042089859431580876
482,"VR environment on, Mozart's Jupiter with loudness shifted at 0.25Hz",1.0,0.0407561257564767
483,"VR environment on, Mozart's Jupiter with loudness shifted at 0.25Hz",2.0,0.04128401111014326
484,"VR environment on, Mozart's Jupiter with loudness shifted at 0.25Hz",3.0,0.04109481684080877
485,"VR environment on, Mozart's Jupiter with loudness shifted at 0.25Hz",4.0,0.04240932585296182
486,"VR environment on, Mozart's Jupiter with loudness shifted at 0.25Hz",5.0,0.041597366545845955
487,"VR environment on, Mozart's Jupiter with loudness shifted at 0.25Hz",6.0,0.04294657837596657
488,"VR environment on, Mozart's Jupiter with loudness shifted at 0.25Hz",7.0,0.04314252904550794
489,"VR environment on, Mozart's Jupiter with loudness shifted at 0.25Hz",8.0,0.04350185905619968
490,"VR environment on, Mozart's Jupiter with loudness shifted at 0.25Hz",9.0,0.04283587804698062
491,"VR environment on, Mozart's Jupiter with loudness shifted at 0.25Hz",10.0,0.043865927316256215
492,"VR environment on, Mozart's Jupiter with loudness shifted at 0.25Hz",11.0,0.04384937248774785
493,"VR environment on, Mozart's Jupiter with loudness shifted at 0.25Hz",12.0,0.041760603412253385
494,"VR environment on, Mozart's Jupiter with loudness shifted at 0.25Hz",13.0,0.042669227653789
495,"VR environment on, Mozart's Jupiter with loudness shifted at 0.25Hz",14.0,0.04240911388384448
496,"VR environment on, Mozart's Jupiter with loudness shifted at 0.25Hz",15.0,0.043707570306384426
497,"VR environment on, Mozart's Jupiter with loudness shifted at 0.25Hz",16.0,0.04311268420043562
498,"VR environment on, Mozart's Jupiter with loudness shifted at 0.25Hz",17.0,0.04199686196077475
499,"VR environment on, Mozart's Jupiter with loudness shifted at 0.25Hz",18.0,0.04377570360310106
500,"VR environment on, Mozart's Jupiter with loudness shifted at 0.25Hz",19.0,0.042785254230969405
501,"VR environment on, Mozart's Jupiter with loudness shifted at 0.25Hz",20.0,0.04290690805516142
502,"VR environment on, Mozart's Jupiter with loudness shifted at 0.25Hz",21.0,0.043398023299511944
503,"VR environment on, Mozart's Jupiter with loudness shifted at 0.25Hz",22.0,0.04383494141752471
504,"VR environment on, Mozart's Jupiter with loudness shifted at 0.25Hz",23.0,0.043979189223779844
505,"VR environment on, Mozart's Jupiter with loudness shifted at 0.25Hz",24.0,0.04327443855650381
506,"VR environment on, Mozart's Jupiter with loudness shifted at 0.25Hz",25.0,0.04353735738020475
507,"VR environment on, Mozart's Jupiter with loudness shifted at 0.25Hz",26.0,0.042988841697381146
508,"VR environment on, Mozart's Jupiter with loudness shifted at 0.25Hz",27.0,0.043643017368857985
509,"VR environment on, Mozart's Jupiter with loudness shifted at 0.25Hz",28.0,0.042286088391966584
510,"VR environment on, Mozart's Jupiter with loudness shifted at 0.25Hz",29.0,0.04292287256400133
511,"VR environment on, Mozart's Jupiter with loudness shifted at 0.25Hz",30.0,0.043695047003039125
512,"VR environment on, Mozart's Jupiter with loudness shifted at 0.25Hz",31.0,0.042734052530117854
513,"VR environment on, Mozart's Jupiter with loudness shifted at 0.25Hz",32.0,0.04288419076412007
514,"VR environment on, Mozart's Jupiter with loudness shifted at 0.25Hz",33.0,0.043528738298673444
515,"VR environment on, Mozart's Jupiter with loudness shifted at 0.25Hz",34.0,0.04271904791569296
516,"VR environment on, Mozart's Jupiter with loudness shifted at 0.25Hz",35.0,0.04246952525812202
517,"VR environment on, Mozart's Jupiter with loudness shifted at 0.25Hz",36.0,0.043406111404622784
518,"VR environment on, Mozart's Jupiter with loudness shifted at 0.25Hz",37.0,0.044012086963842345
519,"VR environment on, Mozart's Jupiter with loudness shifted at 0.25Hz",38.0,0.043642879828268984
520,"VR environment on, Mozart's Jupiter with loudness shifted at 0.25Hz",39.0,0.04244935925165011
521,"VR environment on, Mozart's Jupiter with loudness shifted at 0.25Hz",40.0,0.043596222342366604
522,"VR environment on, Mozart's Jupiter with loudness shifted at 0.25Hz",41.0,0.044917012567475496
523,"VR environment on, Mozart's Jupiter with loudness shifted at 0.25Hz",42.0,0.044680438987060346
524,"VR environment on, Mozart's Jupiter with loudness shifted at 0.25Hz",43.0,0.043372572895088876
525,"VR environment on, Mozart's Jupiter with loudness shifted at 0.25Hz",44.0,0.04442406649425053
526,"VR environment on, Mozart's Jupiter with loudness shifted at 0.25Hz",45.0,0.04349189136590128
527,"VR environment on, Mozart's Jupiter with loudness shifted at 0.25Hz",46.0,0.04302818304070404
528,"VR environment on, Mozart's Jupiter with loudness shifted at 0.25Hz",47.0,0.04227312503886072
529,"VR environment on, Mozart's Jupiter with loudness shifted at 0.25Hz",48.0,0.04182707969597171
530,"VR environment on, Mozart's Jupiter with loudness shifted at 0.25Hz",49.0,0.04368173431363163
531,"VR environment on, Mozart's Jupiter with loudness shifted at 0.25Hz",50.0,0.04230857614471223
532,"VR environment on, Mozart's Jupiter with loudness shifted at 0.25Hz",51.0,0.0419173064990696
533,"VR environment on, Mozart's Jupiter with loudness shifted at 0.25Hz",52.0,0.04263662550798023
534,"VR environment on, Mozart's Jupiter with loudness shifted at 0.25Hz",53.0,0.04252726174071728
535,"VR environment on, Mozart's Jupiter with loudness shifted at 0.25Hz",54.0,0.043014103736838116
536,"VR environment on, Mozart's Jupiter with loudness shifted at 0.25Hz",55.0,0.04320715071460674
537,"VR environment on, Mozart's Jupiter with loudness shifted at 0.25Hz",56.0,0.04391582124707303
538,"VR environment on, Mozart's Jupiter with loudness shifted at 0.25Hz",57.0,0.04251076183115613
539,"VR environment on, Mozart's Jupiter with loudness shifted at 0.25Hz",58.0,0.043511175854994935
540,"VR environment on, Mozart's Jupiter with loudness shifted at 0.25Hz",59.0,0.04210266696750411
541,"VR environment on, no music",0.0,0.044353358057758474
542,"VR environment on, no music",1.0,0.049723325520085224
543,"VR environment on, no music",2.0,0.04508904256575924
544,"VR environment on, no music",3.0,0.04363193839700426
545,"VR environment on, no music",4.0,0.04414562009270472
546,"VR environment on, no music",5.0,0.04445358522251164
547,"VR environment on, no music",6.0,0.043885964370360506
548,"VR environment on, no music",7.0,0.044696070574549114
549,"VR environment on, no music",8.0,0.04472171223522169
550,"VR environment on, no music",9.0,0.0450388360106373
551,"VR environment on, no music",10.0,0.04475796598353836
552,"VR environment on, no music",11.0,0.043803172935049116
553,"VR environment on, no music",12.0,0.04423156732498306
554,"VR environment on, no music",13.0,0.04390075648028264
555,"VR environment on, no music",14.0,0.04475826006761725
556,"VR environment on, no music",15.0,0.044623574299013626
557,"VR environment on, no music",16.0,0.04265279917884596
558,"VR environment on, no music",17.0,0.04370286549638563
559,"VR environment on, no music",18.0,0.04346010329592618
560,"VR environment on, no music",19.0,0.04349291104172347
561,"VR environment on, no music",20.0,0.04415825943795961
562,"VR environment on, no music",21.0,0.044882095568059555
563,"VR environment on, no music",22.0,0.04522187558494854
564,"VR environment on, no music",23.0,0.04413115518044068
565,"VR environment on, no music",24.0,0.04431396020823505
566,"VR environment on, no music",25.0,0.045355918971176044
567,"VR environment on, no music",26.0,0.0437677552383799
568,"VR environment on, no music",27.0,0.043466555978570985
569,"VR environment on, no music",28.0,0.043854153023426656
570,"VR environment on, no music",29.0,0.045624735680143795
571,"VR environment on, no music",30.0,0.04571491334500558
572,"VR environment on, no music",31.0,0.04348558516426389
573,"VR environment on, no music",32.0,0.043444347740355174
574,"VR environment on, no music",33.0,0.044383866131810536
575,"VR environment on, no music",34.0,0.04682493807536231
576,"VR environment on, no music",35.0,0.04831823645742718
577,"VR environment on, no music",36.0,0.04668152961255819
578,"VR environment on, no music",37.0,0.045982513646032334
579,"VR environment on, no music",38.0,0.047514793596963624
580,"VR environment on, no music",39.0,0.0482459494496472
581,"VR environment on, no music",40.0,0.04879753949078305
582,"VR environment on, no music",41.0,0.046985084209261695
583,"VR environment on, no music",42.0,0.046910732669275514
584,"VR environment on, no music",43.0,0.046910381981066965
585,"VR environment on, no music",44.0,0.04586322023483861
586,"VR environment on, no music",45.0,0.04580913567907434
587,"VR environment on, no music",46.0,0.045239600766298474
588,"VR environment on, no music",47.0,0.04662240666959043
589,"VR environment on, no music",48.0,0.04535838509891428
590,"VR environment on, no music",49.0,0.044361264437336456
591,"VR environment on, no music",50.0,0.046219358050643915
592,"VR environment on, no music",51.0,0.046309446433953246
593,"VR environment on, no music",52.0,0.044952564032871914
594,"VR environment on, no music",53.0,0.04671222337972343
595,"VR environment on, no music",54.0,0.046422490476237026
596,"VR environment on, no music",55.0,0.047275251483581596
597,"VR environment on, no music",56.0,0.047799576572120216
598,"VR environment on, no music",57.0,0.0444876654437565
599,"VR environment on, no music",58.0,0.04471895988987016
600,"VR environment on, no music",59.0,0.04600841126157778
601,"VR environment on, unmodified Mozart's Jupiter",0.0,0.04612600455781508
602,"VR environment on, unmodified Mozart's Jupiter",1.0,0.04687234864182194
603,"VR environment on, unmodified Mozart's Jupiter",2.0,0.04704664254401337
604,"VR environment on, unmodified Mozart's Jupiter",3.0,0.04559591362044179
605,"VR environment on, unmodified Mozart's Jupiter",4.0,0.04619008565013845
606,"VR environment on, unmodified Mozart's Jupiter",5.0,0.047654367806364895
607,"VR environment on, unmodified Mozart's Jupiter",6.0,0.04768349692099825
608,"VR environment on, unmodified Mozart's Jupiter",7.0,0.04704248878071081
609,"VR environment on, unmodified Mozart's Jupiter",8.0,0.047922652021732806
610,"VR environment on, unmodified Mozart's Jupiter",9.0,0.047524180997665665
611,"VR environment on, unmodified Mozart's Jupiter",10.0,0.04843456487161919
612,"VR environment on, unmodified Mozart's Jupiter",11.0,0.049020434216910165
613,"VR environment on, unmodified Mozart's Jupiter",12.0,0.049370365833365175
614,"VR environment on, unmodified Mozart's Jupiter",13.0,0.04805709946934712
615,"VR environment on, unmodified Mozart's Jupiter",14.0,0.047711682395296065
616,"VR environment on, unmodified Mozart's Jupiter",15.0,0.04852021546663564
617,"VR environment on, unmodified Mozart's Jupiter",16.0,0.04767544774404763
618,"VR environment on, unmodified Mozart's Jupiter",17.0,0.04770296680221425
619,"VR environment on, unmodified Mozart's Jupiter",18.0,0.04649120652947527
620,"VR environment on, unmodified Mozart's Jupiter",19.0,0.04986812908583981
621,"VR environment on, unmodified Mozart's Jupiter",20.0,0.050025600433111876
622,"VR environment on, unmodified Mozart's Jupiter",21.0,0.04945225526802417
623,"VR environment on, unmodified Mozart's Jupiter",22.0,0.048795929467057485
624,"VR environment on, unmodified Mozart's Jupiter",23.0,0.048757076031771006
625,"VR environment on, unmodified Mozart's Jupiter",24.0,0.04817723774802791
626,"VR environment on, unmodified Mozart's Jupiter",25.0,0.0497038041349634
627,"VR environment on, unmodified Mozart's Jupiter",26.0,0.05077425184115653
628,"VR environment on, unmodified Mozart's Jupiter",27.0,0.05009490182587104
629,"VR environment on, unmodified Mozart's Jupiter",28.0,0.04936857191935732
630,"VR environment on, unmodified Mozart's Jupiter",29.0,0.04956866172832514
631,"VR environment on, unmodified Mozart's Jupiter",30.0,0.04782383754712528
632,"VR environment on, unmodified Mozart's Jupiter",31.0,0.04814943557867386
633,"VR environment on, unmodified Mozart's Jupiter",32.0,0.047055597602082985
634,"VR environment on, unmodified Mozart's Jupiter",33.0,0.04742212177364954
635,"VR environment on, unmodified Mozart's Jupiter",34.0,0.04782030598034253
636,"VR environment on, unmodified Mozart's Jupiter",35.0,0.04584610871075662
637,"VR environment on, unmodified Mozart's Jupiter",36.0,0.04571943051218279
638,"VR environment on, unmodified Mozart's Jupiter",37.0,0.0462277400192345
639,"VR environment on, unmodified Mozart's Jupiter",38.0,0.044882318129914674
640,"VR environment on, unmodified Mozart's Jupiter",39.0,0.0459173592257063
641,"VR environment on, unmodified Mozart's Jupiter",40.0,0.04739855247167102
642,"VR environment on, unmodified Mozart's Jupiter",41.0,0.04712157747987552
643,"VR environment on, unmodified Mozart's Jupiter",42.0,0.047975494658961344
644,"VR environment on, unmodified Mozart's Jupiter",43.0,0.0470704297250231
645,"VR environment on, unmodified Mozart's Jupiter",44.0,0.04759223303673251
646,"VR environment on, unmodified Mozart's Jupiter",45.0,0.04547493384032118
647,"VR environment on, unmodified Mozart's Jupiter",46.0,0.045378976690671737
648,"VR environment on, unmodified Mozart's Jupiter",47.0,0.04589807041394495
649,"VR environment on, unmodified Mozart's Jupiter",48.0,0.04711951866313875
650,"VR environment on, unmodified Mozart's Jupiter",49.0,0.046620597377433494
651,"VR environment on, unmodified Mozart's Jupiter",50.0,0.0465094553239753
652,"VR environment on, unmodified Mozart's Jupiter",51.0,0.04806272400125782
653,"VR environment on, unmodified Mozart's Jupiter",52.0,0.046906769682105144
654,"VR environment on, unmodified Mozart's Jupiter",53.0,0.048532129958789895
655,"VR environment on, unmodified Mozart's Jupiter",54.0,0.047319903343177705
656,"VR environment on, unmodified Mozart's Jupiter",55.0,0.046303030919227425
657,"VR environment on, unmodified Mozart's Jupiter",56.0,0.04664338051856824
658,"VR environment on, unmodified Mozart's Jupiter",57.0,0.046506005590409
659,"VR environment on, unmodified Mozart's Jupiter",58.0,0.04582034657507546
660,"VR environment on, unmodified Mozart's Jupiter",59.0,0.04590151601551183
661,"VR environment on and moving at 0.1 Hz, unmodified Mozart's Jupiter",0.0,0.043747704752067296
662,"VR environment on and moving at 0.1 Hz, unmodified Mozart's Jupiter",1.0,0.041948765533915654
663,"VR environment on and moving at 0.1 Hz, unmodified Mozart's Jupiter",2.0,0.04141031367453875
664,"VR environment on and moving at 0.1 Hz, unmodified Mozart's Jupiter",3.0,0.0395595082332411
665,"VR environment on and moving at 0.1 Hz, unmodified Mozart's Jupiter",4.0,0.03773549229790533
666,"VR environment on and moving at 0.1 Hz, unmodified Mozart's Jupiter",5.0,0.03976533376320808
667,"VR environment on and moving at 0.1 Hz, unmodified Mozart's Jupiter",6.0,0.04258515034966826
668,"VR environment on and moving at 0.1 Hz, unmodified Mozart's Jupiter",7.0,0.04333814543841208
669,"VR environment on and moving at 0.1 Hz, unmodified Mozart's Jupiter",8.0,0.045007657051922965
670,"VR environment on and moving at 0.1 Hz, unmodified Mozart's Jupiter",9.0,0.043088603377251074
671,"VR environment on and moving at 0.1 Hz, unmodified Mozart's Jupiter",10.0,0.04548276100398134
672,"VR environment on and moving at 0.1 Hz, unmodified Mozart's Jupiter",11.0,0.04184686609392147
673,"VR environment on and moving at 0.1 Hz, unmodified Mozart's Jupiter",12.0,0.038482076759323344
674,"VR environment on and moving at 0.1 Hz, unmodified Mozart's Jupiter",13.0,0.038978931168506106
675,"VR environment on and moving at 0.1 Hz, unmodified Mozart's Jupiter",14.0,0.04003874680185382
676,"VR environment on and moving at 0.1 Hz, unmodified Mozart's Jupiter",15.0,0.03937422883443698
677,"VR environment on and moving at 0.1 Hz, unmodified Mozart's Jupiter",16.0,0.03948961583268069
678,"VR environment on and moving at 0.1 Hz, unmodified Mozart's Jupiter",17.0,0.043500061231612
679,"VR environment on and moving at 0.1 Hz, unmodified Mozart's Jupiter",18.0,0.04597556518891942
680,"VR environment on and moving at 0.1 Hz, unmodified Mozart's Jupiter",19.0,0.044932729986064346
681,"VR environment on and moving at 0.1 Hz, unmodified Mozart's Jupiter",20.0,0.04574249744154135
682,"VR environment on and moving at 0.1 Hz, unmodified Mozart's Jupiter",21.0,0.04375487353793028
683,"VR environment on and moving at 0.1 Hz, unmodified Mozart's Jupiter",22.0,0.04242589022522557
684,"VR environment on and moving at 0.1 Hz, unmodified Mozart's Jupiter",23.0,0.040139812015700015
685,"VR environment on and moving at 0.1 Hz, unmodified Mozart's Jupiter",24.0,0.039862045499013725
686,"VR environment on and moving at 0.1 Hz, unmodified Mozart's Jupiter",25.0,0.040355521093870465
687,"VR environment on and moving at 0.1 Hz, unmodified Mozart's Jupiter",26.0,0.0420424469287326
688,"VR environment on and moving at 0.1 Hz, unmodified Mozart's Jupiter",27.0,0.04368912345833522
689,"VR environment on and moving at 0.1 Hz, unmodified Mozart's Jupiter",28.0,0.045051520827761316
690,"VR environment on and moving at 0.1 Hz, unmodified Mozart's Jupiter",29.0,0.04683393678687342
691,"VR environment on and moving at 0.1 Hz, unmodified Mozart's Jupiter",30.0,0.04496421648158087
692,"VR environment on and moving at 0.1 Hz, unmodified Mozart's Jupiter",31.0,0.04389425654033013
693,"VR environment on and moving at 0.1 Hz, unmodified Mozart's Jupiter",32.0,0.04093453389976538
694,"VR environment on and moving at 0.1 Hz, unmodified Mozart's Jupiter",33.0,0.04044713749026994
695,"VR environment on and moving at 0.1 Hz, unmodified Mozart's Jupiter",34.0,0.04055754661154981
696,"VR environment on and moving at 0.1 Hz, unmodified Mozart's Jupiter",35.0,0.040168232943695655
697,"VR environment on and moving at 0.1 Hz, unmodified Mozart's Jupiter",36.0,0.04254987856949368
698,"VR environment on and moving at 0.1 Hz, unmodified Mozart's Jupiter",37.0,0.04579518232099826
699,"VR environment on and moving at 0.1 Hz, unmodified Mozart's Jupiter",38.0,0.04714270073836384
700,"VR environment on and moving at 0.1 Hz, unmodified Mozart's Jupiter",39.0,0.04615811756620054
701,"VR environment on and moving at 0.1 Hz, unmodified Mozart's Jupiter",40.0,0.0455959085949052
702,"VR environment on and moving at 0.1 Hz, unmodified Mozart's Jupiter",41.0,0.043819896194115464
703,"VR environment on and moving at 0.1 Hz, unmodified Mozart's Jupiter",42.0,0.04104297508450539
704,"VR environment on and moving at 0.1 Hz, unmodified Mozart's Jupiter",43.0,0.04238575386804461
705,"VR environment on and moving at 0.1 Hz, unmodified Mozart's Jupiter",44.0,0.041958108723263464
706,"VR environment on and moving at 0.1 Hz, unmodified Mozart's Jupiter",45.0,0.04203505776615322
707,"VR environment on and moving at 0.1 Hz, unmodified Mozart's Jupiter",46.0,0.04209657814467201
708,"VR environment on and moving at 0.1 Hz, unmodified Mozart's Jupiter",47.0,0.04545360190231286
709,"VR environment on and moving at 0.1 Hz, unmodified Mozart's Jupiter",48.0,0.04629861304864729
710,"VR environment on and moving at 0.1 Hz, unmodified Mozart's Jupiter",49.0,0.04601029901879278
711,"VR environment on and moving at 0.1 Hz, unmodified Mozart's Jupiter",50.0,0.04567271176407622
712,"VR environment on and moving at 0.1 Hz, unmodified Mozart's Jupiter",51.0,0.04499220901536075
713,"VR environment on and moving at 0.1 Hz, unmodified Mozart's Jupiter",52.0,0.04280991191388666
714,"VR environment on and moving at 0.1 Hz, unmodified Mozart's Jupiter",53.0,0.04348662450907042
715,"VR environment on and moving at 0.1 Hz, unmodified Mozart's Jupiter",54.0,0.04176986341255464
716,"VR environment on and moving at 0.1 Hz, unmodified Mozart's Jupiter",55.0,0.041972445077140874
717,"VR environment on and moving at 0.1 Hz, unmodified Mozart's Jupiter",56.0,0.043237719418975286
718,"VR environment on and moving at 0.1 Hz, unmodified Mozart's Jupiter",57.0,0.043294980175900555
719,"VR environment on and moving at 0.1 Hz, unmodified Mozart's Jupiter",58.0,0.04572926911131115
720,"VR environment on and moving at 0.1 Hz, unmodified Mozart's Jupiter",59.0,0.04747606164508889
